"Category","air temp","ground temp"
0,0,0
1,20,20
2,20,20
3,20.217391304347814,20
4,20.217391304347814,20
5,20.217391304347814,20
6,20.217391304347814,20
7,20.434782608695627,20
8,20.217391304347814,20
9,20.217391304347814,20
10,20.217391304347814,20
11,20.217391304347814,20.100000000000023
12,20.217391304347814,20.100000000000023
13,20.434782608695627,20.100000000000023
14,20.434782608695627,20.100000000000023
15,20.217391304347814,20.100000000000023
16,20.217391304347814,20.100000000000023
17,20,20.100000000000023
18,20.217391304347814,20.19999999999999
19,20.434782608695627,20.19999999999999
20,20.434782608695627,20.19999999999999
21,20.652173913043498,20.19999999999999
22,20.652173913043498,20.19999999999999
23,20.86956521739131,20.100000000000023
24,20.86956521739131,20.100000000000023
25,20.652173913043498,20.100000000000023
26,21.086956521739125,20.100000000000023
27,21.086956521739125,20
28,21.739130434782624,20
29,21.956521739130437,20
30,22.391304347826065,20
31,22.391304347826065,20.100000000000023
32,22.391304347826065,20.100000000000023
33,23.043478260869563,20.100000000000023
34,23.69565217391306,20.100000000000023
35,23.260869565217376,20.100000000000023
36,23.69565217391306,20.100000000000023
37,23.69565217391306,20.100000000000023
38,23.913043478260875,20.19999999999999
39,24.13043478260869,20.19999999999999
40,24.13043478260869,20.19999999999999
41,23.260869565217376,20.19999999999999
42,23.69565217391306,20.19999999999999
43,23.478260869565247,20.19999999999999
44,23.69565217391306,20.30000000000001
45,23.69565217391306,20.30000000000001
46,23.478260869565247,20.30000000000001
47,23.69565217391306,20.399999999999977
48,23.043478260869563,20.399999999999977
49,23.913043478260875,20.19999999999999
50,23.913043478260875,20.19999999999999
51,23.043478260869563,20.30000000000001
52,23.260869565217376,20.19999999999999
53,23.913043478260875,20.19999999999999
54,24.13043478260869,20.19999999999999
55,23.69565217391306,20.30000000000001
56,23.69565217391306,20.100000000000023
57,23.478260869565247,20.100000000000023
58,24.347826086956502,20.100000000000023
59,24.13043478260869,20.19999999999999
60,24.13043478260869,20.30000000000001
61,24.347826086956502,20.100000000000023
62,24.782608695652186,20.100000000000023
63,24.782608695652186,20.100000000000023
64,24.565217391304373,20.100000000000023
65,24.782608695652186,20.19999999999999
66,24.347826086956502,20.100000000000023
67,24.565217391304373,20.100000000000023
68,25,20.100000000000023
69,25.652173913043498,20.30000000000001
70,25,20.19999999999999
71,24.565217391304373,20.100000000000023
72,24.565217391304373,20.19999999999999
73,24.565217391304373,20.19999999999999
74,24.347826086956502,20.30000000000001
75,24.565217391304373,20.399999999999977
76,24.565217391304373,20.399999999999977
77,25.434782608695627,20.399999999999977
78,25.86956521739131,20.69999999999999
79,26.086956521739125,20.600000000000023
80,26.521739130434753,20.69999999999999
81,26.521739130434753,20.600000000000023
82,26.30434782608694,20.600000000000023
83,25.652173913043498,20.69999999999999
84,25.434782608695627,20.69999999999999
85,25.434782608695627,20.69999999999999
86,25.217391304347814,20.80000000000001
87,23.913043478260875,20.600000000000023
88,24.782608695652186,20.600000000000023
89,26.30434782608694,20.600000000000023
90,26.086956521739125,20.5
91,26.521739130434753,20.600000000000023
92,26.521739130434753,20.30000000000001
93,26.086956521739125,20.600000000000023
94,25.86956521739131,20.30000000000001
95,25.652173913043498,20.30000000000001
96,26.521739130434753,20.30000000000001
97,25.86956521739131,20.5
98,25.86956521739131,20.5
99,26.739130434782624,20.399999999999977
100,26.521739130434753,20.399999999999977
101,26.086956521739125,20.5
102,26.086956521739125,20.600000000000023
103,25.217391304347814,20.600000000000023
104,25.434782608695627,20.600000000000023
105,24.782608695652186,20.600000000000023
106,25,20.5
107,25.652173913043498,20.600000000000023
108,25.86956521739131,20.399999999999977
109,26.521739130434753,20.399999999999977
110,26.521739130434753,20.5
111,26.30434782608694,20.5
112,25.86956521739131,20.5
113,26.086956521739125,20.5
114,26.086956521739125,20.5
115,26.30434782608694,20.5
116,26.086956521739125,20.399999999999977
117,25.86956521739131,20.5
118,26.30434782608694,20.399999999999977
119,26.521739130434753,20.5
120,26.521739130434753,20.399999999999977
121,27.82608695652175,20.30000000000001
122,27.82608695652175,20.30000000000001
123,28.260869565217376,20.399999999999977
124,27.82608695652175,20.19999999999999
125,28.043478260869563,20
126,26.956521739130437,20
127,27.391304347826065,20
128,27.17391304347825,20.100000000000023
129,26.956521739130437,20
130,26.739130434782624,20.100000000000023
131,26.739130434782624,20.100000000000023
132,25.652173913043498,20.19999999999999
133,25.86956521739131,20.30000000000001
134,26.086956521739125,20.399999999999977
135,26.30434782608694,20.30000000000001
136,27.17391304347825,20.30000000000001
137,27.608695652173935,20.399999999999977
138,26.956521739130437,20.600000000000023
139,26.956521739130437,20.600000000000023
140,26.956521739130437,20.600000000000023
141,26.521739130434753,20.69999999999999
142,26.956521739130437,20.69999999999999
143,25,20.600000000000023
144,26.521739130434753,20.69999999999999
145,28.69565217391306,21
146,28.260869565217376,21.100000000000023
147,28.043478260869563,21.100000000000023
148,27.608695652173935,21.100000000000023
149,26.739130434782624,21.19999999999999
150,26.739130434782624,21.100000000000023
151,25.434782608695627,21.100000000000023
152,25.434782608695627,21.19999999999999
153,25.652173913043498,21.30000000000001
154,25.86956521739131,21.5
155,25.86956521739131,21.30000000000001
156,25.86956521739131,21.30000000000001
157,26.739130434782624,21.100000000000023
158,26.956521739130437,21
159,26.956521739130437,21
160,27.17391304347825,21
161,26.739130434782624,21
162,26.30434782608694,20.80000000000001
163,26.521739130434753,20.600000000000023
164,26.521739130434753,20.80000000000001
165,27.82608695652175,20.80000000000001
166,27.17391304347825,20.600000000000023
167,27.17391304347825,20.69999999999999
168,27.17391304347825,20.69999999999999
169,27.82608695652175,20.69999999999999
170,27.17391304347825,20.69999999999999
171,26.739130434782624,20.5
172,26.956521739130437,20.69999999999999
173,28.478260869565247,20.5
174,28.260869565217376,20.5
175,28.260869565217376,20.399999999999977
176,27.608695652173935,20.399999999999977
177,27.391304347826065,20.5
178,27.82608695652175,20.399999999999977
179,28.69565217391306,20.399999999999977
180,28.478260869565247,20.399999999999977
181,28.043478260869563,20.399999999999977
182,28.913043478260875,20.30000000000001
183,28.913043478260875,20.399999999999977
184,27.608695652173935,20.600000000000023
185,27.608695652173935,20.5
186,26.956521739130437,20.600000000000023
187,27.17391304347825,20.600000000000023
188,27.391304347826065,20.600000000000023
189,28.043478260869563,20.69999999999999
190,28.478260869565247,20.5
191,27.82608695652175,20.5
192,28.260869565217376,20.69999999999999
193,27.82608695652175,20.5
194,27.82608695652175,20.5
195,27.82608695652175,20.399999999999977
196,27.17391304347825,20.5
197,26.956521739130437,20.399999999999977
198,26.956521739130437,20.399999999999977
199,26.956521739130437,20.399999999999977
200,27.17391304347825,20.30000000000001
201,26.739130434782624,20.30000000000001
202,27.17391304347825,20.399999999999977
203,26.956521739130437,20.399999999999977
204,26.30434782608694,20.399999999999977
205,26.521739130434753,20.399999999999977
206,28.043478260869563,20.30000000000001
207,28.043478260869563,20.100000000000023
208,26.739130434782624,20.19999999999999
209,26.30434782608694,20.100000000000023
210,26.739130434782624,20.100000000000023
211,26.086956521739125,20
212,26.521739130434753,20
213,26.086956521739125,20.100000000000023
214,26.521739130434753,20.100000000000023
215,26.086956521739125,20.30000000000001
216,26.739130434782624,20.399999999999977
217,26.521739130434753,20.5
218,27.608695652173935,20.5
219,27.17391304347825,20.5
220,28.260869565217376,20.399999999999977
221,28.913043478260875,20.30000000000001
222,28.913043478260875,20.399999999999977
223,28.913043478260875,20.399999999999977
224,30.217391304347814,20.399999999999977
225,30.217391304347814,20.399999999999977
226,30.434782608695627,20.30000000000001
227,30.434782608695627,20.30000000000001
228,30.652173913043498,20.30000000000001
229,30,20.30000000000001
230,30.217391304347814,20.19999999999999
231,30.652173913043498,20.19999999999999
232,30.86956521739131,20.30000000000001
233,30.434782608695627,20.30000000000001
234,31.086956521739125,20.30000000000001
235,30,20.30000000000001
236,30.434782608695627,20.30000000000001
237,30.652173913043498,20.30000000000001
238,30,20.399999999999977
239,30,20.30000000000001
240,29.13043478260869,20.5
241,29.13043478260869,20.5
242,28.69565217391306,20.399999999999977
243,28.913043478260875,20.399999999999977
244,29.347826086956502,20.30000000000001
245,29.13043478260869,20.30000000000001
246,28.478260869565247,20.30000000000001
247,30.217391304347814,20.30000000000001
248,31.30434782608694,20.30000000000001
249,29.782608695652186,20.19999999999999
250,30.652173913043498,20.30000000000001
251,29.782608695652186,20.19999999999999
252,29.347826086956502,20.30000000000001
253,29.13043478260869,20.30000000000001
254,29.565217391304373,20.30000000000001
255,28.69565217391306,20.399999999999977
256,28.260869565217376,20.399999999999977
257,28.478260869565247,20.399999999999977
258,29.13043478260869,20.399999999999977
259,29.347826086956502,20.5
260,29.13043478260869,20.30000000000001
261,29.782608695652186,20.5
262,28.913043478260875,20.399999999999977
263,28.69565217391306,20.600000000000023
264,28.478260869565247,20.600000000000023
265,29.347826086956502,20.69999999999999
266,30,20.69999999999999
267,30.217391304347814,20.399999999999977
268,30,20.30000000000001
269,29.565217391304373,20.30000000000001
270,29.347826086956502,20.399999999999977
271,30.217391304347814,20.5
272,28.69565217391306,20.399999999999977
273,29.13043478260869,20.399999999999977
274,28.478260869565247,20.399999999999977
275,28.913043478260875,20.5
276,29.347826086956502,20.5
277,28.913043478260875,20.399999999999977
278,28.260869565217376,20.19999999999999
279,28.478260869565247,20.19999999999999
280,28.260869565217376,20.30000000000001
281,27.82608695652175,20.30000000000001
282,28.043478260869563,20.399999999999977
283,27.82608695652175,20.5
284,28.478260869565247,20.600000000000023
285,28.69565217391306,20.80000000000001
286,28.478260869565247,20.69999999999999
287,29.347826086956502,20.899999999999977
288,28.478260869565247,21
289,28.043478260869563,21.100000000000023
290,28.478260869565247,20.899999999999977
291,27.391304347826065,20.899999999999977
292,27.608695652173935,20.899999999999977
293,27.17391304347825,21.100000000000023
294,28.260869565217376,21
295,28.260869565217376,21.19999999999999
296,28.260869565217376,21.100000000000023
297,27.82608695652175,21.100000000000023
298,29.347826086956502,21
299,29.13043478260869,21
300,29.565217391304373,20.899999999999977
301,29.782608695652186,20.899999999999977
302,30.217391304347814,21.100000000000023
303,30,21
304,29.347826086956502,20.899999999999977
305,28.478260869565247,21
306,28.043478260869563,20.80000000000001
307,29.565217391304373,20.80000000000001
308,29.565217391304373,20.80000000000001
309,29.13043478260869,20.69999999999999
310,29.13043478260869,20.69999999999999
311,28.260869565217376,20.80000000000001
312,27.82608695652175,20.80000000000001
313,27.82608695652175,20.80000000000001
314,28.69565217391306,20.80000000000001
315,28.260869565217376,20.80000000000001
316,28.69565217391306,20.80000000000001
317,28.260869565217376,20.80000000000001
318,28.260869565217376,20.80000000000001
319,27.391304347826065,20.80000000000001
320,27.608695652173935,21
321,26.739130434782624,21
322,26.30434782608694,20.899999999999977
323,27.391304347826065,20.899999999999977
324,26.521739130434753,20.80000000000001
325,26.956521739130437,20.899999999999977
326,26.30434782608694,20.80000000000001
327,26.956521739130437,20.80000000000001
328,26.086956521739125,20.80000000000001
329,26.521739130434753,20.69999999999999
330,26.956521739130437,20.69999999999999
331,27.82608695652175,20.69999999999999
332,28.913043478260875,20.399999999999977
333,29.565217391304373,20.399999999999977
334,29.565217391304373,20.399999999999977
335,29.13043478260869,20.30000000000001
336,29.13043478260869,20.30000000000001
337,29.347826086956502,20.30000000000001
338,28.913043478260875,20.30000000000001
339,29.782608695652186,20.100000000000023
340,30.434782608695627,20.30000000000001
341,30.86956521739131,20.100000000000023
342,30.652173913043498,20.19999999999999
343,30.217391304347814,20.19999999999999
344,30.217391304347814,20.30000000000001
345,29.347826086956502,20.30000000000001
346,30,20.30000000000001
347,29.565217391304373,20.30000000000001
348,30.217391304347814,20.399999999999977
349,30.217391304347814,20.5
350,30.434782608695627,20.399999999999977
351,28.913043478260875,20.399999999999977
352,29.782608695652186,20.399999999999977
353,29.782608695652186,20.399999999999977
354,30.217391304347814,20.399999999999977
355,30.434782608695627,20.30000000000001
356,30.434782608695627,20.30000000000001
357,29.782608695652186,20.399999999999977
358,29.782608695652186,20.399999999999977
359,29.565217391304373,20.30000000000001
360,30.652173913043498,20.30000000000001
361,30.217391304347814,20.30000000000001
362,30.652173913043498,20.399999999999977
363,30.217391304347814,20.5
364,30.217391304347814,20.5
365,30,20.5
366,28.913043478260875,20.600000000000023
367,29.565217391304373,20.600000000000023
368,30,20.69999999999999
369,30.652173913043498,20.600000000000023
370,31.086956521739125,20.5
371,30.86956521739131,20.399999999999977
372,30.652173913043498,20.5
373,30.434782608695627,20.69999999999999
374,30.217391304347814,20.600000000000023
375,31.521739130434753,20.600000000000023
376,31.086956521739125,20.5
377,31.30434782608694,20.5
378,31.739130434782624,20.600000000000023
379,31.739130434782624,20.69999999999999
380,31.521739130434753,20.80000000000001
381,30.434782608695627,20.69999999999999
382,30.652173913043498,20.69999999999999
383,30.652173913043498,20.69999999999999
384,30.434782608695627,20.600000000000023
385,31.086956521739125,20.600000000000023
386,30.652173913043498,20.5
387,31.086956521739125,20.69999999999999
388,30.86956521739131,20.600000000000023
389,30.652173913043498,20.600000000000023
390,29.782608695652186,20.69999999999999
391,31.086956521739125,20.399999999999977
392,33.04347826086956,20.399999999999977
393,32.608695652173935,20.399999999999977
394,32.17391304347825,20.30000000000001
395,31.30434782608694,20.30000000000001
396,31.30434782608694,20.19999999999999
397,31.30434782608694,20.19999999999999
398,30.652173913043498,20.19999999999999
399,30.217391304347814,20.30000000000001
400,30,20.19999999999999
401,29.565217391304373,20.19999999999999
402,28.69565217391306,20.30000000000001
403,29.13043478260869,20.100000000000023
404,29.565217391304373,20.100000000000023
405,29.347826086956502,20.19999999999999
406,28.260869565217376,20.30000000000001
407,28.69565217391306,20.30000000000001
408,27.608695652173935,20.399999999999977
409,28.043478260869563,20.399999999999977
410,27.608695652173935,20.5
411,28.913043478260875,20.600000000000023
412,27.608695652173935,20.600000000000023
413,27.608695652173935,20.399999999999977
414,28.043478260869563,20.399999999999977
415,28.478260869565247,20.399999999999977
416,29.347826086956502,20.399999999999977
417,29.13043478260869,20.5
418,28.478260869565247,20.600000000000023
419,27.608695652173935,20.80000000000001
420,28.043478260869563,20.80000000000001
421,27.82608695652175,20.600000000000023
422,27.82608695652175,20.600000000000023
423,28.260869565217376,20.600000000000023
424,27.391304347826065,20.600000000000023
425,27.608695652173935,20.399999999999977
426,27.17391304347825,20.399999999999977
427,28.043478260869563,20.399999999999977
428,29.13043478260869,20.399999999999977
429,28.478260869565247,20.5
430,29.565217391304373,20.30000000000001
431,30,20.30000000000001
432,30,20.30000000000001
433,31.30434782608694,20.399999999999977
434,30.652173913043498,20.5
435,29.347826086956502,20.399999999999977
436,28.478260869565247,20.399999999999977
437,28.913043478260875,20.600000000000023
438,27.608695652173935,20.5
439,27.391304347826065,20.600000000000023
440,28.260869565217376,20.399999999999977
441,28.69565217391306,20.399999999999977
442,28.260869565217376,20.399999999999977
443,28.69565217391306,20.399999999999977
444,28.260869565217376,20.69999999999999
445,29.565217391304373,20.600000000000023
446,29.347826086956502,20.600000000000023
447,29.347826086956502,20.600000000000023
448,29.347826086956502,20.69999999999999
449,30.434782608695627,20.5
450,29.782608695652186,20.399999999999977
451,30,20.5
452,29.13043478260869,20.600000000000023
453,28.69565217391306,20.600000000000023
454,28.478260869565247,20.600000000000023
455,28.913043478260875,20.600000000000023
456,29.13043478260869,20.600000000000023
457,28.69565217391306,20.69999999999999
458,29.347826086956502,20.600000000000023
459,28.913043478260875,20.5
460,29.13043478260869,20.600000000000023
461,28.260869565217376,20.600000000000023
462,28.69565217391306,20.600000000000023
463,29.347826086956502,20.69999999999999
464,29.565217391304373,20.5
465,29.782608695652186,20.5
466,29.782608695652186,20.5
467,29.782608695652186,20.5
468,30,20.5
469,28.913043478260875,20.5
470,28.69565217391306,20.399999999999977
471,29.13043478260869,20.399999999999977
472,29.13043478260869,20.399999999999977
473,29.347826086956502,20.19999999999999
474,28.478260869565247,20.100000000000023
475,28.478260869565247,20.100000000000023
476,27.391304347826065,20.19999999999999
477,28.478260869565247,20.19999999999999
478,29.347826086956502,20.19999999999999
479,29.13043478260869,20.19999999999999
480,28.913043478260875,20.100000000000023
481,29.782608695652186,20.30000000000001
482,29.13043478260869,20.100000000000023
483,30.217391304347814,20.19999999999999
484,30.217391304347814,20.19999999999999
485,31.521739130434753,20.19999999999999
486,30.86956521739131,20.399999999999977
487,30.652173913043498,20.5
488,30.434782608695627,20.399999999999977
489,30.434782608695627,20.399999999999977
490,30.86956521739131,20.5
491,30,20.5
492,29.565217391304373,20.5
493,28.913043478260875,20.69999999999999
494,28.913043478260875,20.5
495,28.913043478260875,20.5
496,28.478260869565247,20.600000000000023
497,28.043478260869563,20.5
498,29.347826086956502,20.5
499,30.217391304347814,20.399999999999977
500,29.782608695652186,20.5
501,30,20.5
502,29.782608695652186,20.5
503,29.565217391304373,20.600000000000023
504,29.13043478260869,20.5
505,28.69565217391306,20.5
506,28.913043478260875,20.600000000000023
507,29.565217391304373,20.600000000000023
508,29.565217391304373,20.600000000000023
509,29.782608695652186,20.5
510,30.434782608695627,20.399999999999977
511,31.086956521739125,20.399999999999977
512,31.739130434782624,20.399999999999977
513,30.86956521739131,20.600000000000023
514,31.086956521739125,20.600000000000023
515,30.434782608695627,20.600000000000023
516,29.565217391304373,20.5
517,29.13043478260869,20.69999999999999
518,28.478260869565247,20.5
519,27.17391304347825,20.399999999999977
520,28.478260869565247,20.5
521,29.565217391304373,20.399999999999977
522,30.217391304347814,20.399999999999977
523,30.434782608695627,20.19999999999999
524,30.652173913043498,20.30000000000001
525,30.217391304347814,20.30000000000001
526,30.652173913043498,20.30000000000001
527,29.565217391304373,20.30000000000001
528,28.913043478260875,20.399999999999977
529,28.69565217391306,20.5
530,28.478260869565247,20.399999999999977
531,28.913043478260875,20.600000000000023
532,29.347826086956502,20.5
533,28.69565217391306,20.69999999999999
534,28.69565217391306,20.69999999999999
535,29.565217391304373,20.899999999999977
536,28.043478260869563,20.80000000000001
537,28.478260869565247,20.80000000000001
538,28.478260869565247,20.600000000000023
539,28.260869565217376,20.69999999999999
540,29.565217391304373,20.5
541,28.478260869565247,20.399999999999977
542,28.69565217391306,20.399999999999977
543,28.260869565217376,20.399999999999977
544,28.260869565217376,20.399999999999977
545,28.913043478260875,20.5
546,30,20.399999999999977
547,30.434782608695627,20.399999999999977
548,30,20.399999999999977
549,29.782608695652186,20.399999999999977
550,30.434782608695627,20.399999999999977
551,30.217391304347814,20.399999999999977
552,30.652173913043498,20.399999999999977
553,31.086956521739125,20.5
554,30.434782608695627,20.399999999999977
555,31.521739130434753,20.5
556,30.86956521739131,20.600000000000023
557,29.347826086956502,20.5
558,29.13043478260869,20.399999999999977
559,30.217391304347814,20.30000000000001
560,29.347826086956502,20.399999999999977
561,28.69565217391306,20.399999999999977
562,29.347826086956502,20.30000000000001
563,30,20.399999999999977
564,29.565217391304373,20.399999999999977
565,30.434782608695627,20.399999999999977
566,28.913043478260875,20.30000000000001
567,29.13043478260869,20.399999999999977
568,29.782608695652186,20.5
569,29.13043478260869,20.30000000000001
570,29.347826086956502,20.30000000000001
571,29.347826086956502,20.399999999999977
572,29.13043478260869,20.399999999999977
573,28.69565217391306,20.5
574,30.434782608695627,20.69999999999999
575,31.739130434782624,20.399999999999977
576,31.086956521739125,20.30000000000001
577,30.434782608695627,20.5
578,30.652173913043498,20.600000000000023
579,30.652173913043498,20.69999999999999
580,29.782608695652186,20.69999999999999
581,30.434782608695627,20.600000000000023
582,30.86956521739131,20.69999999999999
583,30.652173913043498,20.5
584,30,20.69999999999999
585,30.86956521739131,20.5
586,30.652173913043498,20.399999999999977
587,31.956521739130437,20.399999999999977
588,30.86956521739131,20.5
589,30.652173913043498,20.5
590,30.652173913043498,20.600000000000023
591,30.434782608695627,20.5
592,30.434782608695627,20.5
593,30.217391304347814,20.5
594,30.652173913043498,20.5
595,30.86956521739131,20.5
596,30.434782608695627,20.5
597,30.434782608695627,20.5
598,30.217391304347814,20.30000000000001
599,29.782608695652186,20.30000000000001
600,30.86956521739131,20.399999999999977
601,31.521739130434753,20.399999999999977
602,31.956521739130437,20.5
603,31.956521739130437,20.5
604,31.739130434782624,20.399999999999977
605,31.30434782608694,20.5
606,32.17391304347825,20.5
607,31.30434782608694,20.30000000000001
608,31.086956521739125,20.19999999999999
609,31.086956521739125,20.19999999999999
610,30.86956521739131,20.19999999999999
611,30.652173913043498,20.30000000000001
612,30.86956521739131,20.19999999999999
613,30.86956521739131,20.100000000000023
614,31.739130434782624,20.100000000000023
615,31.30434782608694,20.19999999999999
616,30.86956521739131,20.100000000000023
617,31.086956521739125,20.19999999999999
618,30.652173913043498,20.19999999999999
619,29.782608695652186,20.30000000000001
620,28.913043478260875,20.19999999999999
621,29.13043478260869,20.100000000000023
622,28.043478260869563,20.19999999999999
623,31.086956521739125,20.19999999999999
624,31.739130434782624,20.19999999999999
625,31.521739130434753,20.19999999999999
626,31.956521739130437,20.19999999999999
627,31.521739130434753,20.100000000000023
628,31.30434782608694,20.100000000000023
629,30.434782608695627,20.100000000000023
630,29.782608695652186,20.30000000000001
631,30,20.399999999999977
632,30,20.30000000000001
633,31.521739130434753,20.399999999999977
634,31.086956521739125,20.399999999999977
635,30,20.5
636,30.217391304347814,20.399999999999977
637,30,20.399999999999977
638,30.434782608695627,20.399999999999977
639,30,20.399999999999977
640,30.217391304347814,20.5
641,29.565217391304373,20.5
642,29.782608695652186,20.600000000000023
643,28.69565217391306,20.399999999999977
644,28.69565217391306,20.19999999999999
645,28.913043478260875,20.19999999999999
646,28.69565217391306,20.19999999999999
647,29.347826086956502,20.19999999999999
648,29.565217391304373,20.30000000000001
649,30.217391304347814,20.19999999999999
650,29.347826086956502,20.30000000000001
651,30,20.5
652,30.652173913043498,20.399999999999977
653,30.434782608695627,20.399999999999977
654,31.086956521739125,20.5
655,31.521739130434753,20.399999999999977
656,31.30434782608694,20.5
657,31.521739130434753,20.5
658,31.086956521739125,20.600000000000023
659,31.30434782608694,20.600000000000023
660,31.086956521739125,20.600000000000023
661,31.739130434782624,20.5
662,33.04347826086956,20.600000000000023
663,32.17391304347825,20.5
664,32.17391304347825,20.5
665,31.739130434782624,20.5
666,32.17391304347825,20.600000000000023
667,32.391304347826065,20.600000000000023
668,32.391304347826065,20.600000000000023
669,32.391304347826065,20.5
670,31.30434782608694,20.399999999999977
671,31.956521739130437,20.399999999999977
672,31.739130434782624,20.30000000000001
673,31.956521739130437,20.30000000000001
674,31.30434782608694,20.399999999999977
675,30.652173913043498,20.5
676,30.86956521739131,20.399999999999977
677,30.652173913043498,20.30000000000001
678,31.30434782608694,20.30000000000001
679,31.521739130434753,20.19999999999999
680,30.86956521739131,20.19999999999999
681,31.086956521739125,20.30000000000001
682,30.652173913043498,20.19999999999999
683,30.434782608695627,20.19999999999999
684,29.565217391304373,20.19999999999999
685,30,20.100000000000023
686,30.434782608695627,20.19999999999999
687,31.086956521739125,20.100000000000023
688,29.782608695652186,20.100000000000023
689,30.434782608695627,20.19999999999999
690,30.652173913043498,20.19999999999999
691,30.217391304347814,20.19999999999999
692,31.956521739130437,20.30000000000001
693,32.608695652173935,20.399999999999977
694,32.608695652173935,20.30000000000001
695,32.391304347826065,20.30000000000001
696,31.30434782608694,20.30000000000001
697,30.652173913043498,20.30000000000001
698,29.13043478260869,20.19999999999999
699,29.565217391304373,20.19999999999999
700,30,20.19999999999999
701,29.565217391304373,20.19999999999999
702,30.217391304347814,20.30000000000001
703,29.565217391304373,20.5
704,30,20.600000000000023
705,30,20.69999999999999
706,29.13043478260869,20.69999999999999
707,30,20.69999999999999
708,29.782608695652186,20.80000000000001
709,29.782608695652186,20.80000000000001
710,28.69565217391306,20.69999999999999
711,29.565217391304373,20.69999999999999
712,28.913043478260875,20.69999999999999
713,29.782608695652186,20.899999999999977
714,30,20.899999999999977
715,30.652173913043498,20.80000000000001
716,30.652173913043498,20.69999999999999
717,31.30434782608694,20.80000000000001
718,30,20.69999999999999
719,30.434782608695627,20.69999999999999
720,30.652173913043498,20.69999999999999
721,30.652173913043498,20.600000000000023
722,30.86956521739131,20.69999999999999
723,31.086956521739125,20.69999999999999
724,31.086956521739125,20.69999999999999
725,30,20.899999999999977
726,29.565217391304373,20.80000000000001
727,30,20.80000000000001
728,30.217391304347814,20.80000000000001
729,29.565217391304373,20.69999999999999
730,30.86956521739131,20.69999999999999
731,30.434782608695627,20.69999999999999
732,30.217391304347814,20.600000000000023
733,30.434782608695627,20.600000000000023
734,30.217391304347814,20.5
735,31.521739130434753,20.5
736,30.217391304347814,20.5
737,31.30434782608694,20.399999999999977
738,33.04347826086956,20.399999999999977
739,32.391304347826065,20.399999999999977
740,31.739130434782624,20.600000000000023
741,31.739130434782624,20.600000000000023
742,31.956521739130437,20.600000000000023
743,32.391304347826065,20.69999999999999
744,32.608695652173935,20.600000000000023
745,32.391304347826065,20.600000000000023
746,31.956521739130437,20.69999999999999
747,32.391304347826065,20.600000000000023
748,32.17391304347825,20.600000000000023
749,31.30434782608694,20.5
750,31.521739130434753,20.600000000000023
751,32.608695652173935,20.600000000000023
752,32.608695652173935,20.600000000000023
753,33.04347826086956,20.5
754,31.521739130434753,20.399999999999977
755,31.086956521739125,20.30000000000001
756,31.956521739130437,20.30000000000001
757,31.30434782608694,20.30000000000001
758,31.521739130434753,20.30000000000001
759,31.956521739130437,20.19999999999999
760,31.739130434782624,20.19999999999999
761,31.956521739130437,20.399999999999977
762,32.17391304347825,20.100000000000023
763,33.26086956521738,20.19999999999999
764,33.26086956521738,20.19999999999999
765,31.30434782608694,20.19999999999999
766,31.739130434782624,20.30000000000001
767,31.739130434782624,20.19999999999999
768,31.521739130434753,20.399999999999977
769,32.17391304347825,20.30000000000001
770,33.04347826086956,20.19999999999999
771,33.04347826086956,20.19999999999999
772,31.739130434782624,20.30000000000001
773,31.956521739130437,20.30000000000001
774,33.04347826086956,20.399999999999977
775,33.26086956521738,20.19999999999999
776,32.608695652173935,20.19999999999999
777,32.17391304347825,20.30000000000001
778,32.82608695652175,20.600000000000023
779,32.608695652173935,20.69999999999999
780,33.47826086956525,20.69999999999999
781,33.47826086956525,20.600000000000023
782,33.26086956521738,20.600000000000023
783,31.739130434782624,20.5
784,31.521739130434753,20.5
785,32.391304347826065,20.600000000000023
786,32.391304347826065,20.600000000000023
787,32.391304347826065,20.5
788,32.608695652173935,20.5
789,32.17391304347825,20.5
790,31.521739130434753,20.5
791,31.956521739130437,20.30000000000001
792,32.391304347826065,20.30000000000001
793,33.26086956521738,20.5
794,33.69565217391306,20.30000000000001
795,32.17391304347825,20.30000000000001
796,32.82608695652175,20.30000000000001
797,31.739130434782624,20.30000000000001
798,32.391304347826065,20.30000000000001
799,31.956521739130437,20.399999999999977
800,31.521739130434753,20.19999999999999
801,30.434782608695627,20.19999999999999
802,30.434782608695627,20.19999999999999
803,31.521739130434753,20.19999999999999
804,31.956521739130437,20.30000000000001
805,31.739130434782624,20.30000000000001
806,31.739130434782624,20.5
807,31.30434782608694,20.30000000000001
808,31.956521739130437,20.5
809,31.521739130434753,20.399999999999977
810,31.30434782608694,20.399999999999977
811,31.30434782608694,20.399999999999977
812,31.956521739130437,20.399999999999977
813,31.956521739130437,20.399999999999977
814,32.608695652173935,20.5
815,33.26086956521738,20.399999999999977
816,33.04347826086956,20.399999999999977
817,32.82608695652175,20.399999999999977
818,32.17391304347825,20.19999999999999
819,33.26086956521738,20.19999999999999
820,33.69565217391306,20.30000000000001
821,33.913043478260875,20.30000000000001
822,33.69565217391306,20.399999999999977
823,34.13043478260869,20.30000000000001
824,33.69565217391306,20.69999999999999
825,33.913043478260875,20.5
826,32.82608695652175,20.600000000000023
827,31.956521739130437,20.600000000000023
828,31.521739130434753,20.69999999999999
829,31.30434782608694,20.80000000000001
830,33.04347826086956,20.600000000000023
831,32.608695652173935,20.600000000000023
832,32.608695652173935,20.5
833,31.521739130434753,20.600000000000023
834,31.739130434782624,20.600000000000023
835,31.30434782608694,20.80000000000001
836,31.521739130434753,20.600000000000023
837,30.652173913043498,20.600000000000023
838,31.086956521739125,20.600000000000023
839,31.086956521739125,20.5
840,31.956521739130437,20.5
841,30.434782608695627,20.399999999999977
842,30.86956521739131,20.5
843,30.86956521739131,20.5
844,30.652173913043498,20.600000000000023
845,31.956521739130437,20.600000000000023
846,31.086956521739125,20.600000000000023
847,30.434782608695627,20.69999999999999
848,30,20.600000000000023
849,31.086956521739125,20.399999999999977
850,30.434782608695627,20.19999999999999
851,31.086956521739125,20.100000000000023
852,30.652173913043498,20.19999999999999
853,30.86956521739131,20.19999999999999
854,31.086956521739125,20.19999999999999
855,31.739130434782624,20.19999999999999
856,31.956521739130437,20.19999999999999
857,32.391304347826065,20.100000000000023
858,31.739130434782624,20.100000000000023
859,31.086956521739125,20.100000000000023
860,31.086956521739125,20.100000000000023
861,31.521739130434753,20.100000000000023
862,30.652173913043498,20.100000000000023
863,30.434782608695627,20.100000000000023
864,31.30434782608694,20.19999999999999
865,30.652173913043498,20.19999999999999
866,32.17391304347825,20.19999999999999
867,33.04347826086956,20.19999999999999
868,31.739130434782624,20.19999999999999
869,31.956521739130437,20.19999999999999
870,31.30434782608694,20.19999999999999
871,30.86956521739131,20.19999999999999
872,30.86956521739131,20.399999999999977
873,31.521739130434753,20.30000000000001
874,30,20.600000000000023
875,30,20.5
876,30.217391304347814,20.399999999999977
877,30.217391304347814,20.30000000000001
878,30.652173913043498,20.30000000000001
879,30.86956521739131,20.399999999999977
880,30.652173913043498,20.5
881,30.86956521739131,20.5
882,30.652173913043498,20.5
883,29.782608695652186,20.399999999999977
884,29.782608695652186,20.399999999999977
885,30,20.399999999999977
886,29.565217391304373,20.5
887,29.13043478260869,20.19999999999999
888,29.782608695652186,20.100000000000023
889,29.347826086956502,20.19999999999999
890,29.13043478260869,20.19999999999999
891,29.347826086956502,20.100000000000023
892,28.69565217391306,20.100000000000023
893,29.782608695652186,20.100000000000023
894,29.13043478260869,20
895,29.565217391304373,20
896,29.347826086956502,20.100000000000023
897,29.13043478260869,20.19999999999999
898,29.347826086956502,20.30000000000001
899,28.913043478260875,20.30000000000001
900,29.347826086956502,20.30000000000001
901,30,20.399999999999977
902,31.521739130434753,20.399999999999977
903,30.86956521739131,20.399999999999977
904,30.434782608695627,20.5
905,31.30434782608694,20.399999999999977
906,31.086956521739125,20.5
907,30.652173913043498,20.5
908,31.30434782608694,20.30000000000001
909,32.17391304347825,20.19999999999999
910,32.17391304347825,20.19999999999999
911,32.608695652173935,20.30000000000001
912,31.739130434782624,20.5
913,31.956521739130437,20.600000000000023
914,31.521739130434753,20.5
915,32.608695652173935,20.5
916,32.82608695652175,20.69999999999999
917,32.391304347826065,20.399999999999977
918,32.391304347826065,20.399999999999977
919,32.608695652173935,20.399999999999977
920,32.391304347826065,20.30000000000001
921,32.82608695652175,20.399999999999977
922,31.956521739130437,20.399999999999977
923,32.608695652173935,20.5
924,32.608695652173935,20.399999999999977
925,32.391304347826065,20.5
926,33.04347826086956,20.399999999999977
927,31.739130434782624,20.399999999999977
928,33.913043478260875,20.399999999999977
929,36.086956521739125,20.5
930,35.217391304347814,20.399999999999977
931,34.3478260869565,20.600000000000023
932,34.3478260869565,20.69999999999999
933,33.47826086956525,20.69999999999999
934,33.26086956521738,20.69999999999999
935,32.608695652173935,20.600000000000023
936,33.26086956521738,20.600000000000023
937,33.69565217391306,20.5
938,33.913043478260875,20.69999999999999
939,33.69565217391306,20.600000000000023
940,33.26086956521738,20.600000000000023
941,32.17391304347825,20.600000000000023
942,31.739130434782624,20.5
943,32.17391304347825,20.399999999999977
944,31.739130434782624,20.5
945,30.652173913043498,20.399999999999977
946,30.86956521739131,20.399999999999977
947,31.956521739130437,20.399999999999977
948,31.739130434782624,20.399999999999977
949,31.956521739130437,20.30000000000001
950,31.086956521739125,20.19999999999999
951,31.086956521739125,20.30000000000001
952,30.652173913043498,20.30000000000001
953,30.86956521739131,20.30000000000001
954,30.434782608695627,20.19999999999999
955,29.782608695652186,20.399999999999977
956,30,20.5
957,31.086956521739125,20.399999999999977
958,31.521739130434753,20.5
959,30.434782608695627,20.5
960,30.86956521739131,20.5
961,30.434782608695627,20.600000000000023
962,30.217391304347814,20.600000000000023
963,30.652173913043498,20.80000000000001
964,30.434782608695627,20.69999999999999
965,30,20.69999999999999
966,30.652173913043498,20.600000000000023
967,30.434782608695627,20.600000000000023
968,30.217391304347814,20.69999999999999
969,30.434782608695627,20.600000000000023
970,30.434782608695627,20.69999999999999
971,30.217391304347814,20.69999999999999
972,30.434782608695627,20.69999999999999
973,29.782608695652186,20.69999999999999
974,30.434782608695627,20.69999999999999
975,31.30434782608694,20.69999999999999
976,31.956521739130437,20.69999999999999
977,32.391304347826065,20.69999999999999
978,31.521739130434753,20.80000000000001
979,32.608695652173935,20.69999999999999
980,31.739130434782624,20.69999999999999
981,32.17391304347825,20.69999999999999
982,32.391304347826065,20.600000000000023
983,31.956521739130437,20.600000000000023
984,31.956521739130437,20.600000000000023
985,31.086956521739125,20.600000000000023
986,30.86956521739131,20.5
987,31.086956521739125,20.399999999999977
988,30.86956521739131,20.399999999999977
989,31.30434782608694,20.30000000000001
990,30.652173913043498,20.5
991,31.739130434782624,20.399999999999977
992,31.739130434782624,20.399999999999977
993,30.86956521739131,20.399999999999977
994,31.521739130434753,20.5
995,31.521739130434753,20.399999999999977
996,31.086956521739125,20.399999999999977
997,30.434782608695627,20.5
998,30.434782608695627,20.399999999999977
999,30.217391304347814,20.5
1000,31.086956521739125,20.399999999999977
1001,31.739130434782624,20.399999999999977
1002,30.86956521739131,20.5
1003,31.521739130434753,20.5
1004,31.30434782608694,20.5
1005,31.739130434782624,20.600000000000023
1006,32.17391304347825,20.69999999999999
1007,32.391304347826065,20.69999999999999
1008,32.82608695652175,20.69999999999999
1009,33.26086956521738,20.69999999999999
1010,33.04347826086956,20.69999999999999
1011,33.04347826086956,20.80000000000001
1012,33.04347826086956,20.80000000000001
1013,33.69565217391306,21
1014,33.26086956521738,20.69999999999999
1015,34.13043478260869,20.69999999999999
1016,33.913043478260875,20.69999999999999
1017,33.69565217391306,20.80000000000001
1018,33.913043478260875,20.899999999999977
1019,34.3478260869565,20.899999999999977
1020,34.3478260869565,20.899999999999977
1021,34.3478260869565,21
1022,34.3478260869565,20.899999999999977
1023,33.26086956521738,20.80000000000001
1024,33.26086956521738,20.80000000000001
1025,32.391304347826065,20.80000000000001
1026,33.04347826086956,20.899999999999977
1027,32.391304347826065,20.80000000000001
1028,32.82608695652175,20.69999999999999
1029,32.391304347826065,20.600000000000023
1030,31.521739130434753,20.600000000000023
1031,31.521739130434753,20.399999999999977
1032,30.86956521739131,20.30000000000001
1033,31.956521739130437,20.19999999999999
1034,31.739130434782624,20.30000000000001
1035,31.521739130434753,20.30000000000001
1036,31.521739130434753,20.30000000000001
1037,30.652173913043498,20.399999999999977
1038,30.652173913043498,20.399999999999977
1039,30.217391304347814,20.399999999999977
1040,30.217391304347814,20.399999999999977
1041,29.782608695652186,20.600000000000023
1042,30.86956521739131,20.399999999999977
1043,31.521739130434753,20.30000000000001
1044,30.652173913043498,20.30000000000001
1045,30.434782608695627,20.30000000000001
1046,31.30434782608694,20.30000000000001
1047,30.217391304347814,20.19999999999999
1048,30.652173913043498,20.19999999999999
1049,31.739130434782624,20.30000000000001
1050,30.86956521739131,20.399999999999977
1051,30.434782608695627,20.399999999999977
1052,30.652173913043498,20.5
1053,31.086956521739125,20.5
1054,31.521739130434753,20.5
1055,30.652173913043498,20.600000000000023
1056,31.086956521739125,20.600000000000023
1057,30.652173913043498,20.69999999999999
1058,31.30434782608694,20.69999999999999
1059,30.86956521739131,20.69999999999999
1060,31.521739130434753,20.5
1061,30.652173913043498,20.5
1062,31.521739130434753,20.600000000000023
1063,31.739130434782624,20.600000000000023
1064,31.30434782608694,20.69999999999999
1065,31.521739130434753,20.5
1066,32.391304347826065,20.5
1067,32.608695652173935,20.600000000000023
1068,33.04347826086956,20.69999999999999
1069,32.391304347826065,20.5
1070,33.04347826086956,20.399999999999977
1071,33.04347826086956,20.5
1072,32.17391304347825,20.399999999999977
1073,31.30434782608694,20.30000000000001
1074,32.608695652173935,20.30000000000001
1075,32.608695652173935,20.30000000000001
1076,32.391304347826065,20.100000000000023
1077,32.608695652173935,20.19999999999999
1078,33.69565217391306,20.5
1079,33.04347826086956,20.30000000000001
1080,33.26086956521738,20.30000000000001
1081,32.391304347826065,20.30000000000001
1082,32.391304347826065,20.30000000000001
1083,31.30434782608694,20.30000000000001
1084,31.521739130434753,20.5
1085,31.739130434782624,20.399999999999977
1086,32.17391304347825,20.399999999999977
1087,31.086956521739125,20.600000000000023
1088,30.86956521739131,20.600000000000023
1089,31.086956521739125,20.69999999999999
1090,31.521739130434753,20.69999999999999
1091,30.86956521739131,20.69999999999999
1092,31.086956521739125,20.69999999999999
1093,30.217391304347814,20.80000000000001
1094,32.17391304347825,20.899999999999977
1095,33.26086956521738,20.80000000000001
1096,33.26086956521738,20.899999999999977
1097,33.04347826086956,20.899999999999977
1098,32.82608695652175,20.80000000000001
1099,33.913043478260875,20.80000000000001
1100,34.3478260869565,20.5
1101,34.782608695652186,20.5
1102,35.43478260869563,20.5
1103,35.43478260869563,20.600000000000023
1104,35.43478260869563,20.399999999999977
1105,35.43478260869563,20.399999999999977
1106,35.43478260869563,20.5
1107,33.69565217391306,20.5
1108,33.47826086956525,20.600000000000023
1109,33.04347826086956,20.600000000000023
1110,34.13043478260869,20.600000000000023
1111,33.913043478260875,20.600000000000023
1112,33.47826086956525,20.600000000000023
1113,33.913043478260875,20.80000000000001
1114,34.56521739130437,20.899999999999977
1115,35.43478260869563,20.899999999999977
1116,35,20.600000000000023
1117,35.6521739130435,20.600000000000023
1118,33.913043478260875,20.600000000000023
1119,34.782608695652186,20.600000000000023
1120,34.13043478260869,20.5
1121,34.13043478260869,20.600000000000023
1122,34.3478260869565,21
1123,33.69565217391306,21
1124,33.913043478260875,20.899999999999977
1125,33.913043478260875,20.600000000000023
1126,33.69565217391306,20.600000000000023
1127,34.13043478260869,20.600000000000023
1128,34.13043478260869,20.600000000000023
1129,34.13043478260869,20.69999999999999
1130,33.47826086956525,20.69999999999999
1131,33.26086956521738,20.80000000000001
1132,32.82608695652175,20.80000000000001
1133,33.47826086956525,20.69999999999999
1134,32.608695652173935,20.600000000000023
1135,32.608695652173935,20.600000000000023
1136,31.956521739130437,20.600000000000023
1137,31.956521739130437,20.5
1138,31.086956521739125,20.399999999999977
1139,30.652173913043498,20.30000000000001
1140,31.521739130434753,20.5
1141,31.30434782608694,20.399999999999977
1142,31.956521739130437,20.399999999999977
1143,31.30434782608694,20.30000000000001
1144,31.086956521739125,20.30000000000001
1145,31.521739130434753,20.30000000000001
1146,31.30434782608694,20.19999999999999
1147,31.739130434782624,20.30000000000001
1148,31.30434782608694,20.5
1149,31.30434782608694,20.30000000000001
1150,30.652173913043498,20.30000000000001
1151,30.86956521739131,20.30000000000001
1152,30.217391304347814,20.30000000000001
1153,32.391304347826065,20.30000000000001
1154,33.04347826086956,20.399999999999977
1155,32.608695652173935,20.600000000000023
1156,32.391304347826065,20.5
1157,31.956521739130437,20.600000000000023
1158,31.521739130434753,20.600000000000023
1159,31.30434782608694,20.600000000000023
1160,31.086956521739125,20.69999999999999
1161,30.86956521739131,20.600000000000023
1162,29.565217391304373,20.600000000000023
1163,30,20.600000000000023
1164,29.782608695652186,20.600000000000023
1165,28.913043478260875,20.5
1166,30.217391304347814,20.399999999999977
1167,30.434782608695627,20.30000000000001
1168,30.652173913043498,20.30000000000001
1169,30.434782608695627,20.30000000000001
1170,30.652173913043498,20.5
1171,30.434782608695627,20.30000000000001
1172,30.652173913043498,20.5
1173,30.86956521739131,20.600000000000023
1174,31.086956521739125,20.600000000000023
1175,31.521739130434753,20.69999999999999
1176,31.739130434782624,20.69999999999999
1177,31.956521739130437,20.69999999999999
1178,30.86956521739131,20.600000000000023
1179,31.30434782608694,20.600000000000023
1180,31.739130434782624,20.600000000000023
1181,31.956521739130437,20.600000000000023
1182,31.086956521739125,20.600000000000023
1183,30.652173913043498,20.5
1184,30.217391304347814,20.69999999999999
1185,30.217391304347814,20.600000000000023
1186,30.434782608695627,20.600000000000023
1187,30,20.600000000000023
1188,30,20.69999999999999
1189,29.782608695652186,20.80000000000001
1190,29.13043478260869,20.80000000000001
1191,29.347826086956502,20.69999999999999
1192,29.565217391304373,20.399999999999977
1193,28.69565217391306,20.399999999999977
1194,31.086956521739125,20.399999999999977
1195,32.391304347826065,20.399999999999977
1196,31.739130434782624,20.5
1197,32.391304347826065,20.399999999999977
1198,32.391304347826065,20.399999999999977
1199,32.391304347826065,20.399999999999977
1200,32.391304347826065,20.5
1201,32.608695652173935,20.600000000000023
1202,33.47826086956525,20.5
1203,33.26086956521738,20.5
1204,33.47826086956525,20.399999999999977
1205,33.913043478260875,20.30000000000001
1206,33.913043478260875,20.399999999999977
1207,35,20.30000000000001
1208,35,20.399999999999977
1209,35,20.30000000000001
1210,34.3478260869565,20.30000000000001
1211,33.913043478260875,20.19999999999999
1212,35,20.100000000000023
1213,34.56521739130437,20.100000000000023
1214,36.086956521739125,20.19999999999999
1215,36.086956521739125,20.19999999999999
1216,35.86956521739131,20.30000000000001
1217,35,20.19999999999999
1218,35.217391304347814,20.19999999999999
1219,33.913043478260875,20.30000000000001
1220,33.47826086956525,20.30000000000001
1221,33.04347826086956,20.30000000000001
1222,32.17391304347825,20.5
1223,33.04347826086956,20.399999999999977
1224,31.521739130434753,20.399999999999977
1225,31.30434782608694,20.399999999999977
1226,31.956521739130437,20.5
1227,32.608695652173935,20.30000000000001
1228,31.739130434782624,20.30000000000001
1229,31.521739130434753,20.399999999999977
1230,32.608695652173935,20.600000000000023
1231,32.82608695652175,20.399999999999977
1232,32.82608695652175,20.399999999999977
1233,33.26086956521738,20.399999999999977
1234,33.47826086956525,20.399999999999977
1235,33.04347826086956,20.30000000000001
1236,33.69565217391306,20.399999999999977
1237,34.3478260869565,20.399999999999977
1238,33.47826086956525,20.5
1239,33.69565217391306,20.399999999999977
1240,33.913043478260875,20.5
1241,34.13043478260869,20.5
1242,34.3478260869565,20.600000000000023
1243,31.739130434782624,20.600000000000023
1244,32.17391304347825,20.5
1245,31.30434782608694,20.600000000000023
1246,31.521739130434753,20.80000000000001
1247,31.086956521739125,20.600000000000023
1248,31.30434782608694,20.69999999999999
1249,31.30434782608694,20.80000000000001
1250,31.956521739130437,20.80000000000001
1251,32.391304347826065,20.80000000000001
1252,32.391304347826065,20.80000000000001
1253,32.608695652173935,20.69999999999999
1254,31.739130434782624,20.80000000000001
1255,31.956521739130437,20.80000000000001
1256,32.391304347826065,20.80000000000001
1257,32.608695652173935,20.600000000000023
1258,32.17391304347825,20.69999999999999
1259,31.521739130434753,20.80000000000001
1260,31.956521739130437,20.5
1261,31.521739130434753,20.5
1262,30.86956521739131,20.600000000000023
1263,31.086956521739125,20.399999999999977
1264,31.30434782608694,20.399999999999977
1265,30.86956521739131,20.399999999999977
1266,31.739130434782624,20.5
1267,33.26086956521738,20.5
1268,33.47826086956525,20.600000000000023
1269,33.47826086956525,20.5
1270,32.82608695652175,20.600000000000023
1271,33.913043478260875,20.69999999999999
1272,33.69565217391306,20.80000000000001
1273,34.3478260869565,20.5
1274,34.782608695652186,20.600000000000023
1275,34.56521739130437,20.5
1276,33.69565217391306,20.5
1277,33.69565217391306,20.5
1278,35,20.69999999999999
1279,34.3478260869565,20.5
1280,33.69565217391306,20.5
1281,34.13043478260869,20.399999999999977
1282,34.56521739130437,20.600000000000023
1283,34.3478260869565,20.5
1284,35.217391304347814,20.5
1285,35.43478260869563,20.5
1286,33.913043478260875,20.399999999999977
1287,32.608695652173935,20.399999999999977
1288,32.608695652173935,20.399999999999977
1289,31.739130434782624,20.5
1290,35,20.600000000000023
1291,35.43478260869563,20.5
1292,35.86956521739131,20.69999999999999
1293,35.6521739130435,20.399999999999977
1294,35.217391304347814,20.30000000000001
1295,35,20.30000000000001
1296,33.47826086956525,20.30000000000001
1297,33.47826086956525,20.30000000000001
1298,33.47826086956525,20.399999999999977
1299,32.391304347826065,20.69999999999999
1300,31.521739130434753,20.5
1301,30.86956521739131,20.30000000000001
1302,30.86956521739131,20.100000000000023
1303,30.652173913043498,20.100000000000023
1304,29.565217391304373,20.100000000000023
1305,30.652173913043498,20.19999999999999
1306,30.434782608695627,20.30000000000001
1307,30.86956521739131,20.600000000000023
1308,30.434782608695627,20.5
1309,30.652173913043498,20.5
1310,30.217391304347814,20.5
1311,30.434782608695627,20.5
1312,30.86956521739131,20.5
1313,30.86956521739131,20.5
1314,31.956521739130437,20.600000000000023
1315,32.391304347826065,20.5
1316,33.04347826086956,20.5
1317,33.26086956521738,20.5
1318,33.47826086956525,20.30000000000001
1319,33.913043478260875,20.30000000000001
1320,34.13043478260869,20.399999999999977
1321,34.56521739130437,20.69999999999999
1322,34.782608695652186,20.69999999999999
1323,34.3478260869565,20.600000000000023
1324,35,20.600000000000023
1325,35.6521739130435,20.600000000000023
1326,35.217391304347814,20.5
1327,35.86956521739131,20.600000000000023
1328,35.217391304347814,20.5
1329,34.782608695652186,20.600000000000023
1330,34.13043478260869,20.600000000000023
1331,34.3478260869565,20.69999999999999
1332,34.13043478260869,20.600000000000023
1333,35.43478260869563,20.600000000000023
1334,35.217391304347814,20.69999999999999
1335,35.6521739130435,20.80000000000001
1336,36.52173913043475,20.69999999999999
1337,36.95652173913044,20.69999999999999
1338,37.17391304347825,20.80000000000001
1339,37.608695652173935,20.80000000000001
1340,38.26086956521738,20.899999999999977
1341,37.391304347826065,20.600000000000023
1342,37.17391304347825,20.600000000000023
1343,37.608695652173935,20.69999999999999
1344,36.73913043478262,20.69999999999999
1345,35.86956521739131,20.5
1346,35.86956521739131,20.5
1347,35.43478260869563,20.399999999999977
1348,35.86956521739131,20.399999999999977
1349,35.43478260869563,20.600000000000023
1350,35.217391304347814,20.5
1351,35,20.5
1352,35.6521739130435,20.600000000000023
1353,35.43478260869563,20.5
1354,35.217391304347814,20.600000000000023
1355,35,20.600000000000023
1356,34.13043478260869,20.69999999999999
1357,34.13043478260869,20.69999999999999
1358,32.391304347826065,20.69999999999999
1359,32.391304347826065,20.600000000000023
1360,32.391304347826065,20.600000000000023
1361,35,20.600000000000023
1362,36.086956521739125,20.30000000000001
1363,36.30434782608694,20.30000000000001
1364,36.086956521739125,20.19999999999999
1365,36.52173913043475,20.19999999999999
1366,36.52173913043475,20.19999999999999
1367,36.95652173913044,20.399999999999977
1368,36.086956521739125,20.5
1369,35.43478260869563,20.600000000000023
1370,34.782608695652186,20.600000000000023
1371,35.217391304347814,20.600000000000023
1372,36.30434782608694,20.69999999999999
1373,36.30434782608694,20.600000000000023
1374,35.6521739130435,20.69999999999999
1375,34.782608695652186,20.600000000000023
1376,34.56521739130437,20.5
1377,33.913043478260875,20.5
1378,34.3478260869565,20.5
1379,33.47826086956525,20.5
1380,33.69565217391306,20.399999999999977
1381,33.69565217391306,20.600000000000023
1382,33.47826086956525,20.69999999999999
1383,35.217391304347814,20.69999999999999
1384,35,20.5
1385,34.56521739130437,20.69999999999999
1386,35,20.80000000000001
1387,34.56521739130437,20.80000000000001
1388,33.69565217391306,20.69999999999999
1389,33.69565217391306,20.69999999999999
1390,35.217391304347814,20.69999999999999
1391,34.56521739130437,20.69999999999999
1392,33.26086956521738,20.600000000000023
1393,33.04347826086956,20.600000000000023
1394,34.13043478260869,20.69999999999999
1395,33.913043478260875,20.5
1396,33.47826086956525,20.5
1397,34.13043478260869,20.5
1398,34.13043478260869,20.5
1399,35,20.399999999999977
1400,33.913043478260875,20.30000000000001
1401,34.56521739130437,20.30000000000001
1402,33.913043478260875,20.19999999999999
1403,34.13043478260869,20.30000000000001
1404,34.3478260869565,20.100000000000023
1405,33.47826086956525,20.100000000000023
1406,33.47826086956525,20.19999999999999
1407,33.04347826086956,20.100000000000023
1408,33.26086956521738,20.100000000000023
1409,33.26086956521738,20.100000000000023
1410,34.13043478260869,20.30000000000001
1411,33.913043478260875,20.30000000000001
1412,34.13043478260869,20.399999999999977
1413,33.47826086956525,20.5
1414,33.04347826086956,20.399999999999977
1415,34.56521739130437,20.399999999999977
1416,33.47826086956525,20.399999999999977
1417,33.26086956521738,20.399999999999977
1418,32.82608695652175,20.5
1419,33.913043478260875,20.5
1420,33.47826086956525,20.600000000000023
1421,34.3478260869565,20.600000000000023
1422,33.913043478260875,20.600000000000023
1423,34.3478260869565,20.600000000000023
1424,33.913043478260875,20.69999999999999
1425,33.69565217391306,20.80000000000001
1426,34.56521739130437,21
1427,34.782608695652186,20.80000000000001
1428,34.3478260869565,20.69999999999999
1429,33.913043478260875,20.69999999999999
1430,33.47826086956525,20.80000000000001
1431,34.3478260869565,20.80000000000001
1432,34.3478260869565,20.80000000000001
1433,33.04347826086956,20.80000000000001
1434,33.913043478260875,20.69999999999999
1435,35,20.600000000000023
1436,35.43478260869563,20.69999999999999
1437,34.56521739130437,20.69999999999999
1438,34.56521739130437,20.5
1439,32.82608695652175,20.600000000000023
1440,32.391304347826065,20.5
1441,32.17391304347825,20.600000000000023
1442,31.739130434782624,20.600000000000023
1443,33.04347826086956,20.600000000000023
1444,33.69565217391306,20.5
1445,33.69565217391306,20.69999999999999
1446,32.82608695652175,20.600000000000023
1447,32.82608695652175,20.600000000000023
1448,33.69565217391306,20.5
1449,32.82608695652175,20.30000000000001
1450,33.26086956521738,20.399999999999977
1451,33.47826086956525,20.5
1452,33.47826086956525,20.69999999999999
1453,33.69565217391306,20.80000000000001
1454,35.217391304347814,20.600000000000023
1455,35.43478260869563,20.600000000000023
1456,35.6521739130435,20.69999999999999
1457,35.86956521739131,20.5
1458,35.86956521739131,20.399999999999977
1459,36.086956521739125,20.19999999999999
1460,35.43478260869563,20.19999999999999
1461,35.6521739130435,20.30000000000001
1462,35,20.399999999999977
1463,35.43478260869563,20.30000000000001
1464,36.30434782608694,20.19999999999999
1465,36.73913043478262,20.19999999999999
1466,36.73913043478262,20.30000000000001
1467,37.391304347826065,20.19999999999999
1468,37.391304347826065,20.19999999999999
1469,36.52173913043475,20.5
1470,35.86956521739131,20.5
1471,35.217391304347814,20.600000000000023
1472,35.217391304347814,20.600000000000023
1473,34.3478260869565,20.600000000000023
1474,33.26086956521738,20.5
1475,33.26086956521738,20.600000000000023
1476,33.69565217391306,20.5
1477,33.26086956521738,20.5
1478,33.913043478260875,20.5
1479,34.13043478260869,20.5
1480,34.13043478260869,20.399999999999977
1481,33.26086956521738,20.5
1482,34.13043478260869,20.5
1483,33.69565217391306,20.399999999999977
1484,34.13043478260869,20.399999999999977
1485,33.47826086956525,20.399999999999977
1486,33.69565217391306,20.399999999999977
1487,34.13043478260869,20.399999999999977
1488,34.3478260869565,20.5
1489,34.3478260869565,20.399999999999977
1490,33.26086956521738,20.30000000000001
1491,32.82608695652175,20.399999999999977
1492,32.391304347826065,20.30000000000001
1493,32.391304347826065,20.30000000000001
1494,32.608695652173935,20.30000000000001
1495,30.86956521739131,20.30000000000001
1496,33.47826086956525,20.30000000000001
1497,35.86956521739131,20.30000000000001
1498,35.6521739130435,20.30000000000001
1499,35.86956521739131,20.30000000000001
1500,35.43478260869563,20.30000000000001
1501,36.30434782608694,20.30000000000001
1502,36.52173913043475,20.399999999999977
1503,36.52173913043475,20.30000000000001
1504,37.608695652173935,20.30000000000001
1505,36.95652173913044,20.5
1506,36.30434782608694,20.600000000000023
1507,35.6521739130435,20.69999999999999
1508,36.95652173913044,20.899999999999977
1509,37.608695652173935,20.899999999999977
1510,37.391304347826065,20.80000000000001
1511,37.82608695652175,20.69999999999999
1512,36.95652173913044,20.69999999999999
1513,36.73913043478262,20.69999999999999
1514,37.82608695652175,20.80000000000001
1515,37.17391304347825,20.69999999999999
1516,37.391304347826065,20.69999999999999
1517,37.608695652173935,20.69999999999999
1518,36.73913043478262,20.600000000000023
1519,36.30434782608694,20.600000000000023
1520,36.30434782608694,20.600000000000023
1521,36.73913043478262,20.69999999999999
1522,37.17391304347825,20.69999999999999
1523,37.17391304347825,20.69999999999999
1524,38.913043478260875,20.5
1525,39.3478260869565,20.5
1526,38.913043478260875,20.600000000000023
1527,39.13043478260869,20.600000000000023
1528,38.47826086956525,20.600000000000023
1529,38.26086956521738,20.5
1530,38.04347826086956,20.30000000000001
1531,38.04347826086956,20.399999999999977
1532,37.17391304347825,20.5
1533,36.95652173913044,20.399999999999977
1534,36.95652173913044,20.399999999999977
1535,35.43478260869563,20.5
1536,35.6521739130435,20.5
1537,35,20.5
1538,34.782608695652186,20.5
1539,35.43478260869563,20.5
1540,35.217391304347814,20.600000000000023
1541,36.086956521739125,20.399999999999977
1542,36.086956521739125,20.399999999999977
1543,36.30434782608694,20.30000000000001
1544,35.86956521739131,20.5
1545,36.52173913043475,20.600000000000023
1546,35.6521739130435,20.5
1547,35.6521739130435,20.600000000000023
1548,34.3478260869565,20.5
1549,34.3478260869565,20.5
1550,35,20.600000000000023
1551,34.56521739130437,20.600000000000023
1552,34.3478260869565,20.69999999999999
1553,35.43478260869563,20.69999999999999
1554,34.56521739130437,20.69999999999999
1555,35.43478260869563,20.899999999999977
1556,35.217391304347814,20.899999999999977
1557,34.13043478260869,21
1558,35,21
1559,35,21
1560,34.782608695652186,21
1561,34.3478260869565,20.80000000000001
1562,35.217391304347814,20.69999999999999
1563,35,20.899999999999977
1564,34.3478260869565,20.899999999999977
1565,34.3478260869565,20.5
1566,34.782608695652186,20.5
1567,35.43478260869563,20.5
1568,35.6521739130435,20.399999999999977
1569,35.6521739130435,20.5
1570,34.56521739130437,20.600000000000023
1571,35.43478260869563,20.5
1572,34.782608695652186,20.600000000000023
1573,35.43478260869563,20.5
1574,35.217391304347814,20.399999999999977
1575,35.43478260869563,20.399999999999977
1576,36.30434782608694,20.5
1577,35.86956521739131,20.399999999999977
1578,35.86956521739131,20.5
1579,35.6521739130435,20.19999999999999
1580,35.6521739130435,20.19999999999999
1581,35,20.19999999999999
1582,33.913043478260875,20.30000000000001
1583,33.913043478260875,20.30000000000001
1584,33.913043478260875,20.30000000000001
1585,34.13043478260869,20.30000000000001
1586,34.13043478260869,20.30000000000001
1587,33.04347826086956,20.30000000000001
1588,36.30434782608694,20.5
1589,36.086956521739125,20.5
1590,36.73913043478262,20.5
1591,35.43478260869563,20.5
1592,35.43478260869563,20.5
1593,34.56521739130437,20.600000000000023
1594,34.782608695652186,20.600000000000023
1595,35,20.5
1596,35.217391304347814,20.600000000000023
1597,35.217391304347814,20.69999999999999
1598,35,20.600000000000023
1599,35.6521739130435,20.600000000000023
1600,35.43478260869563,20.600000000000023
1601,36.30434782608694,20.600000000000023
1602,35.43478260869563,20.69999999999999
1603,35.6521739130435,20.600000000000023
1604,34.782608695652186,20.600000000000023
1605,35.6521739130435,20.600000000000023
1606,35.6521739130435,20.600000000000023
1607,35.43478260869563,20.600000000000023
1608,35.86956521739131,20.69999999999999
1609,35.6521739130435,20.69999999999999
1610,36.086956521739125,20.899999999999977
1611,36.30434782608694,20.69999999999999
1612,36.95652173913044,20.80000000000001
1613,36.95652173913044,20.80000000000001
1614,36.95652173913044,20.80000000000001
1615,36.95652173913044,20.899999999999977
1616,35.86956521739131,20.899999999999977
1617,35.86956521739131,20.600000000000023
1618,35.6521739130435,20.600000000000023
1619,35.217391304347814,20.69999999999999
1620,36.30434782608694,20.69999999999999
1621,36.30434782608694,20.69999999999999
1622,35.43478260869563,20.80000000000001
1623,35.43478260869563,20.600000000000023
1624,34.782608695652186,20.5
1625,36.086956521739125,20.5
1626,35.86956521739131,20.600000000000023
1627,35.217391304347814,20.600000000000023
1628,35.6521739130435,20.600000000000023
1629,35.217391304347814,20.69999999999999
1630,34.782608695652186,20.69999999999999
1631,35.43478260869563,20.80000000000001
1632,34.782608695652186,20.80000000000001
1633,35,20.69999999999999
1634,34.56521739130437,20.69999999999999
1635,35.217391304347814,20.80000000000001
1636,35.6521739130435,20.80000000000001
1637,36.086956521739125,20.69999999999999
1638,36.95652173913044,20.80000000000001
1639,37.391304347826065,20.69999999999999
1640,37.608695652173935,20.899999999999977
1641,37.608695652173935,20.899999999999977
1642,37.17391304347825,20.69999999999999
1643,36.95652173913044,20.80000000000001
1644,37.17391304347825,20.600000000000023
1645,37.391304347826065,20.5
1646,37.82608695652175,20.600000000000023
1647,37.608695652173935,20.600000000000023
1648,36.52173913043475,20.69999999999999
1649,36.086956521739125,20.600000000000023
1650,36.52173913043475,20.69999999999999
1651,37.17391304347825,20.69999999999999
1652,37.17391304347825,20.600000000000023
1653,37.82608695652175,20.69999999999999
1654,36.95652173913044,20.69999999999999
1655,38.04347826086956,20.80000000000001
1656,36.95652173913044,20.899999999999977
1657,36.95652173913044,20.80000000000001
1658,36.086956521739125,20.69999999999999
1659,36.95652173913044,20.69999999999999
1660,37.391304347826065,20.69999999999999
1661,36.73913043478262,20.69999999999999
1662,38.04347826086956,20.5
1663,37.17391304347825,20.600000000000023
1664,36.73913043478262,20.69999999999999
1665,36.95652173913044,20.600000000000023
1666,36.30434782608694,20.600000000000023
1667,35.217391304347814,20.5
1668,36.73913043478262,20.5
1669,36.30434782608694,20.399999999999977
1670,36.086956521739125,20.399999999999977
1671,35.86956521739131,20.600000000000023
1672,35.86956521739131,20.30000000000001
1673,35.86956521739131,20.30000000000001
1674,36.086956521739125,20.30000000000001
1675,35.217391304347814,20.600000000000023
1676,34.13043478260869,20.5
1677,34.56521739130437,20.5
1678,34.782608695652186,20.5
1679,34.3478260869565,20.5
1680,35.43478260869563,20.5
1681,35.43478260869563,20.80000000000001
1682,35.43478260869563,20.600000000000023
1683,35,20.5
1684,34.3478260869565,20.399999999999977
1685,36.95652173913044,20.399999999999977
1686,38.47826086956525,20.19999999999999
1687,38.47826086956525,20.5
1688,38.69565217391306,20.399999999999977
1689,38.04347826086956,20.5
1690,38.26086956521738,20.5
1691,37.391304347826065,20.5
1692,37.17391304347825,20.600000000000023
1693,36.52173913043475,20.399999999999977
1694,36.30434782608694,20.399999999999977
1695,36.95652173913044,20.5
1696,36.086956521739125,20.30000000000001
1697,36.30434782608694,20.30000000000001
1698,35,20.30000000000001
1699,35,20.30000000000001
1700,33.69565217391306,20.399999999999977
1701,33.69565217391306,20.399999999999977
1702,34.13043478260869,20.399999999999977
1703,34.56521739130437,20.30000000000001
1704,34.782608695652186,20.30000000000001
1705,33.913043478260875,20.30000000000001
1706,35,20.399999999999977
1707,34.56521739130437,20.399999999999977
1708,35,20.30000000000001
1709,34.782608695652186,20.30000000000001
1710,34.13043478260869,20.30000000000001
1711,33.47826086956525,20.30000000000001
1712,33.04347826086956,20.19999999999999
1713,33.04347826086956,20.30000000000001
1714,32.17391304347825,20.5
1715,32.17391304347825,20.5
1716,32.82608695652175,20.5
1717,33.47826086956525,20.5
1718,34.56521739130437,20.69999999999999
1719,33.913043478260875,20.69999999999999
1720,34.782608695652186,20.80000000000001
1721,34.56521739130437,20.80000000000001
1722,33.69565217391306,20.80000000000001
1723,33.913043478260875,20.80000000000001
1724,33.913043478260875,21
1725,33.913043478260875,21.100000000000023
1726,33.913043478260875,21.100000000000023
1727,34.3478260869565,21
1728,34.56521739130437,20.80000000000001
1729,34.56521739130437,20.80000000000001
1730,33.913043478260875,20.899999999999977
1731,33.47826086956525,20.600000000000023
1732,33.69565217391306,20.69999999999999
1733,34.13043478260869,20.69999999999999
1734,33.04347826086956,20.80000000000001
1735,33.69565217391306,20.899999999999977
1736,34.13043478260869,21
1737,34.3478260869565,20.899999999999977
1738,34.3478260869565,20.899999999999977
1739,34.13043478260869,20.899999999999977
1740,34.13043478260869,20.80000000000001
1741,34.13043478260869,20.69999999999999
1742,34.13043478260869,20.80000000000001
1743,33.69565217391306,20.80000000000001
1744,33.913043478260875,20.600000000000023
1745,34.13043478260869,20.69999999999999
1746,34.3478260869565,20.5
1747,34.13043478260869,20.5
1748,33.69565217391306,20.600000000000023
1749,34.3478260869565,20.69999999999999
1750,34.56521739130437,20.600000000000023
1751,34.782608695652186,20.600000000000023
1752,34.56521739130437,20.600000000000023
1753,36.30434782608694,20.600000000000023
1754,36.086956521739125,20.600000000000023
1755,36.086956521739125,20.69999999999999
1756,34.56521739130437,20.80000000000001
1757,34.782608695652186,20.600000000000023
1758,34.782608695652186,20.5
1759,35.217391304347814,20.5
1760,35.6521739130435,20.5
1761,35.43478260869563,20.5
1762,35.86956521739131,20.399999999999977
1763,35.43478260869563,20.399999999999977
1764,36.086956521739125,20.30000000000001
1765,37.17391304347825,20.30000000000001
1766,36.52173913043475,20.30000000000001
1767,35.86956521739131,20.19999999999999
1768,36.086956521739125,20.30000000000001
1769,36.73913043478262,20.399999999999977
1770,36.30434782608694,20.399999999999977
1771,35.217391304347814,20.600000000000023
1772,35,20.600000000000023
1773,34.782608695652186,20.600000000000023
1774,35.43478260869563,20.600000000000023
1775,35.43478260869563,20.69999999999999
1776,35.86956521739131,20.69999999999999
1777,36.086956521739125,20.69999999999999
1778,35.86956521739131,20.899999999999977
1779,35.6521739130435,20.80000000000001
1780,35.43478260869563,20.600000000000023
1781,35.217391304347814,20.600000000000023
1782,36.30434782608694,20.5
1783,36.30434782608694,20.5
1784,36.30434782608694,20.5
1785,35.43478260869563,20.5
1786,36.086956521739125,20.69999999999999
1787,34.782608695652186,20.5
1788,35,20.69999999999999
1789,34.56521739130437,20.69999999999999
1790,35.6521739130435,20.600000000000023
1791,35.86956521739131,20.5
1792,36.086956521739125,20.600000000000023
1793,35.43478260869563,20.399999999999977
1794,35,20.600000000000023
1795,35.86956521739131,20.80000000000001
1796,36.086956521739125,20.600000000000023
1797,36.086956521739125,20.80000000000001
1798,36.086956521739125,20.69999999999999
1799,37.17391304347825,20.69999999999999
1800,36.73913043478262,20.600000000000023
1801,37.17391304347825,20.600000000000023
1802,36.95652173913044,20.600000000000023
1803,37.608695652173935,20.600000000000023
1804,36.95652173913044,20.5
1805,36.52173913043475,20.399999999999977
1806,37.608695652173935,20.600000000000023
1807,36.52173913043475,20.600000000000023
1808,36.95652173913044,20.600000000000023
1809,37.608695652173935,20.600000000000023
1810,37.391304347826065,20.600000000000023
1811,36.95652173913044,20.80000000000001
1812,37.17391304347825,20.69999999999999
1813,36.73913043478262,20.69999999999999
1814,37.17391304347825,20.69999999999999
1815,35.86956521739131,20.80000000000001
1816,38.913043478260875,20.69999999999999
1817,41.086956521739125,20.600000000000023
1818,40,20.600000000000023
1819,39.56521739130437,20.600000000000023
1820,39.782608695652186,20.69999999999999
1821,38.913043478260875,20.5
1822,38.04347826086956,20.399999999999977
1823,37.391304347826065,20.5
1824,36.95652173913044,20.399999999999977
1825,37.608695652173935,20.399999999999977
1826,37.391304347826065,20.399999999999977
1827,37.17391304347825,20.399999999999977
1828,36.73913043478262,20.399999999999977
1829,36.52173913043475,20.399999999999977
1830,36.30434782608694,20.399999999999977
1831,35.217391304347814,20.399999999999977
1832,35.217391304347814,20.600000000000023
1833,35.43478260869563,20.80000000000001
1834,35.217391304347814,20.5
1835,35.6521739130435,20.600000000000023
1836,34.782608695652186,20.399999999999977
1837,35.43478260869563,20.600000000000023
1838,35.6521739130435,20.399999999999977
1839,36.30434782608694,20.600000000000023
1840,36.52173913043475,20.5
1841,37.17391304347825,20.5
1842,36.73913043478262,20.5
1843,37.391304347826065,20.5
1844,38.26086956521738,20.5
1845,36.73913043478262,20.5
1846,37.608695652173935,20.399999999999977
1847,37.608695652173935,20.399999999999977
1848,36.73913043478262,20.399999999999977
1849,37.17391304347825,20.399999999999977
1850,37.608695652173935,20.5
1851,36.52173913043475,20.399999999999977
1852,36.30434782608694,20.399999999999977
1853,37.17391304347825,20.399999999999977
1854,37.608695652173935,20.399999999999977
1855,35.86956521739131,20.399999999999977
1856,35.217391304347814,20.399999999999977
1857,35.6521739130435,20.5
1858,36.086956521739125,20.399999999999977
1859,36.52173913043475,20.30000000000001
1860,36.73913043478262,20.30000000000001
1861,36.73913043478262,20.5
1862,35.43478260869563,20.5
1863,35.217391304347814,20.5
1864,35,20.30000000000001
1865,35,20.30000000000001
1866,34.56521739130437,20.30000000000001
1867,35.217391304347814,20.399999999999977
1868,35.43478260869563,20.399999999999977
1869,35.6521739130435,20.399999999999977
1870,35.6521739130435,20.600000000000023
1871,35.86956521739131,20.30000000000001
1872,35.43478260869563,20.30000000000001
1873,35.6521739130435,20.30000000000001
1874,36.30434782608694,20.19999999999999
1875,34.782608695652186,20.19999999999999
1876,35.6521739130435,20.30000000000001
1877,34.782608695652186,20.5
1878,34.13043478260869,20.399999999999977
1879,37.391304347826065,20.5
1880,39.3478260869565,20.5
1881,39.56521739130437,20.5
1882,37.82608695652175,20.5
1883,36.52173913043475,20.5
1884,36.73913043478262,20.399999999999977
1885,35.86956521739131,20.399999999999977
1886,35.217391304347814,20.399999999999977
1887,35.43478260869563,20.399999999999977
1888,34.782608695652186,20.30000000000001
1889,34.56521739130437,20.30000000000001
1890,35.6521739130435,20.19999999999999
1891,36.086956521739125,20.19999999999999
1892,36.95652173913044,20.100000000000023
1893,36.95652173913044,20.100000000000023
1894,38.47826086956525,20.100000000000023
1895,38.47826086956525,20
1896,37.82608695652175,20
1897,37.82608695652175,20
1898,38.04347826086956,20.100000000000023
1899,37.608695652173935,20.30000000000001
1900,37.608695652173935,20.19999999999999
1901,38.04347826086956,20.30000000000001
1902,38.26086956521738,20.19999999999999
1903,38.26086956521738,20.399999999999977
1904,39.13043478260869,20.399999999999977
1905,40,20.30000000000001
1906,39.13043478260869,20.30000000000001
1907,38.26086956521738,20.30000000000001
1908,37.82608695652175,20.19999999999999
1909,36.95652173913044,20.19999999999999
1910,37.391304347826065,20.19999999999999
1911,36.086956521739125,20.399999999999977
1912,35.43478260869563,20.30000000000001
1913,35,20.30000000000001
1914,35.43478260869563,20.19999999999999
1915,35.6521739130435,20.100000000000023
1916,36.086956521739125,20.100000000000023
1917,35.6521739130435,20.19999999999999
1918,35,20.30000000000001
1919,35.43478260869563,20.399999999999977
1920,35.43478260869563,20.399999999999977
1921,35,20.399999999999977
1922,35,20.80000000000001
1923,36.52173913043475,20.69999999999999
1924,35.6521739130435,20.69999999999999
1925,35.217391304347814,20.80000000000001
1926,35.86956521739131,20.69999999999999
1927,35.43478260869563,20.69999999999999
1928,35.217391304347814,20.69999999999999
1929,35.6521739130435,20.600000000000023
1930,36.30434782608694,20.69999999999999
1931,36.52173913043475,20.5
1932,36.30434782608694,20.600000000000023
1933,37.17391304347825,20.5
1934,37.608695652173935,20.5
1935,38.04347826086956,20.5
1936,37.17391304347825,20.600000000000023
1937,36.73913043478262,20.5
1938,37.608695652173935,20.399999999999977
1939,37.608695652173935,20.399999999999977
1940,38.26086956521738,20.30000000000001
1941,38.913043478260875,20.30000000000001
1942,38.47826086956525,20.30000000000001
1943,39.13043478260869,20.399999999999977
1944,38.913043478260875,20.399999999999977
1945,39.56521739130437,20.399999999999977
1946,38.913043478260875,20.399999999999977
1947,39.782608695652186,20.399999999999977
1948,39.13043478260869,20.399999999999977
1949,39.3478260869565,20.399999999999977
1950,39.13043478260869,20.5
1951,38.913043478260875,20.5
1952,38.47826086956525,20.5
1953,38.913043478260875,20.30000000000001
1954,37.608695652173935,20.30000000000001
1955,36.30434782608694,20.30000000000001
1956,35.86956521739131,20.600000000000023
1957,36.086956521739125,20.30000000000001
1958,36.30434782608694,20.30000000000001
1959,37.391304347826065,20.19999999999999
1960,36.52173913043475,20.19999999999999
1961,36.086956521739125,20.30000000000001
1962,36.086956521739125,20.399999999999977
1963,35.6521739130435,20.399999999999977
1964,34.782608695652186,20.399999999999977
1965,35.86956521739131,20.399999999999977
1966,35,20.600000000000023
1967,34.56521739130437,20.399999999999977
1968,34.13043478260869,20.5
1969,34.3478260869565,20.600000000000023
1970,34.782608695652186,20.69999999999999
1971,35.6521739130435,20.69999999999999
1972,36.30434782608694,20.69999999999999
1973,36.30434782608694,20.80000000000001
1974,36.73913043478262,20.5
1975,36.52173913043475,20.600000000000023
1976,36.086956521739125,20.69999999999999
1977,36.52173913043475,20.69999999999999
1978,37.608695652173935,20.69999999999999
1979,37.391304347826065,20.69999999999999
1980,38.26086956521738,20.80000000000001
1981,38.47826086956525,20.69999999999999
1982,38.47826086956525,20.69999999999999
1983,38.69565217391306,20.69999999999999
1984,38.04347826086956,20.80000000000001
1985,38.26086956521738,20.69999999999999
1986,38.04347826086956,20.899999999999977
1987,38.26086956521738,20.899999999999977
1988,38.04347826086956,20.899999999999977
1989,37.82608695652175,20.899999999999977
1990,38.04347826086956,20.80000000000001
1991,37.391304347826065,20.899999999999977
1992,37.17391304347825,21.100000000000023
1993,36.95652173913044,20.899999999999977
1994,36.95652173913044,20.600000000000023
1995,36.95652173913044,20.600000000000023
1996,36.30434782608694,20.5
1997,36.52173913043475,20.600000000000023
1998,36.95652173913044,20.69999999999999
1999,36.086956521739125,20.5
2000,36.52173913043475,20.5
2001,35.6521739130435,20.5
2002,36.73913043478262,20.69999999999999
2003,37.17391304347825,20.5
2004,37.391304347826065,20.600000000000023
2005,37.17391304347825,20.5
2006,37.17391304347825,20.5
2007,37.17391304347825,20.5
2008,36.95652173913044,20.5
2009,36.52173913043475,20.5
2010,36.73913043478262,20.399999999999977
2011,35.6521739130435,20.399999999999977
2012,36.52173913043475,20.399999999999977
2013,36.52173913043475,20.399999999999977
2014,36.73913043478262,20.5
2015,36.086956521739125,20.5
2016,36.95652173913044,20.399999999999977
2017,35,20.399999999999977
2018,35.43478260869563,20.5
2019,35.86956521739131,20.399999999999977
2020,36.30434782608694,20.399999999999977
2021,36.30434782608694,20.399999999999977
2022,37.17391304347825,20.399999999999977
2023,38.69565217391306,20.399999999999977
2024,38.913043478260875,20.5
2025,38.26086956521738,20.5
2026,38.69565217391306,20.399999999999977
2027,39.3478260869565,20.399999999999977
2028,39.13043478260869,20.399999999999977
2029,38.913043478260875,20.30000000000001
2030,39.56521739130437,20.30000000000001
2031,39.3478260869565,20.399999999999977
2032,39.56521739130437,20.30000000000001
2033,40.217391304347814,20.30000000000001
2034,40.6521739130435,20.30000000000001
2035,40.43478260869563,20.5
2036,41.30434782608694,20.600000000000023
2037,41.30434782608694,20.5
2038,41.30434782608694,20.600000000000023
2039,40.217391304347814,20.5
2040,40.6521739130435,20.600000000000023
2041,41.52173913043475,20.5
2042,40.86956521739131,20.5
2043,39.56521739130437,20.399999999999977
2044,40.217391304347814,20.5
2045,39.56521739130437,20.5
2046,39.13043478260869,20.399999999999977
2047,38.47826086956525,20.399999999999977
2048,39.3478260869565,20.399999999999977
2049,39.3478260869565,20.399999999999977
2050,39.13043478260869,20.5
2051,39.56521739130437,20.5
2052,38.69565217391306,20.5
2053,39.56521739130437,20.600000000000023
2054,39.3478260869565,20.5
2055,38.69565217391306,20.69999999999999
2056,38.913043478260875,20.600000000000023
2057,39.3478260869565,20.69999999999999
2058,38.04347826086956,20.600000000000023
2059,38.69565217391306,20.600000000000023
2060,37.608695652173935,20.600000000000023
2061,38.26086956521738,20.600000000000023
2062,38.26086956521738,20.80000000000001
2063,38.26086956521738,20.80000000000001
2064,36.95652173913044,20.80000000000001
2065,38.69565217391306,20.600000000000023
2066,38.69565217391306,20.69999999999999
2067,38.69565217391306,20.600000000000023
2068,38.69565217391306,20.80000000000001
2069,39.13043478260869,20.600000000000023
2070,40,20.69999999999999
2071,40.217391304347814,20.600000000000023
2072,39.782608695652186,20.69999999999999
2073,40,20.69999999999999
2074,40.43478260869563,20.5
2075,40.6521739130435,20.30000000000001
2076,40.217391304347814,20.30000000000001
2077,39.13043478260869,20.19999999999999
2078,39.782608695652186,20.30000000000001
2079,39.782608695652186,20.30000000000001
2080,38.913043478260875,20.19999999999999
2081,39.56521739130437,20.30000000000001
2082,39.782608695652186,20.399999999999977
2083,40,20.30000000000001
2084,40.6521739130435,20.30000000000001
2085,41.086956521739125,20.30000000000001
2086,41.30434782608694,20.30000000000001
2087,39.56521739130437,20.399999999999977
2088,38.26086956521738,20.600000000000023
2089,38.26086956521738,20.600000000000023
2090,38.04347826086956,20.5
2091,38.69565217391306,20.5
2092,39.13043478260869,20.399999999999977
2093,38.04347826086956,20.5
2094,36.95652173913044,20.30000000000001
2095,35.86956521739131,20.30000000000001
2096,35.6521739130435,20.30000000000001
2097,37.17391304347825,20.69999999999999
2098,37.82608695652175,20.80000000000001
2099,37.82608695652175,20.69999999999999
2100,37.82608695652175,20.69999999999999
2101,37.608695652173935,20.69999999999999
2102,36.73913043478262,20.80000000000001
2103,36.086956521739125,21.19999999999999
2104,36.30434782608694,20.899999999999977
2105,35.217391304347814,20.69999999999999
2106,35.6521739130435,20.80000000000001
2107,34.56521739130437,21
2108,35.43478260869563,20.80000000000001
2109,34.56521739130437,20.69999999999999
2110,34.782608695652186,20.600000000000023
2111,36.30434782608694,20.600000000000023
2112,35.217391304347814,20.600000000000023